{
	"format_version": "1.8.0",
	"animations": {
		"animation.mimic.activate": {
			"loop": "hold_on_last_frame",
			"animation_length": 2.25,
			"bones": {
				"root": {
					"rotation": {
						"0.25": [0, 0, 0],
						"0.3333": [-2, 0, 0],
						"0.4167": [0, 0, 0],
						"0.5": [-2, 0, 0],
						"0.5833": [0, 0, 0],
						"0.6667": [-2, 0, 0],
						"0.75": [0, 0, 0],
						"0.8333": [-2, 0, 0],
						"0.9167": [0, 0, 0],
						"1.0": [-2, 0, 0],
						"1.0833": [0, 0, 0],
						"1.1667": [-2, 0, 0],
						"1.25": [0, 0, 0],
						"1.3333": [-2, 0, 0],
						"1.4167": [0, 0, 0],
						"1.5": [-2, 0, 0],
						"1.5833": [0, 0, 0],
						"2.25": [0, 0, 0]
					}
				},
				"tongue": {
					"rotation": {
						"0.0": [0, 0, 0],
						"0.125": [-37.5, 0, 0],
						"0.3333": [-39.59766, 17.03586, -13.62422],
						"0.5417": [-18.62472, -22.08921, 18.17535],
						"0.7083": [-53.17407, 18.4191, 5.03058],
						"0.875": [-37.5, 0, 0],
						"1.0833": [-39.59766, 17.03586, -13.62422],
						"1.2917": [-18.62472, -22.08921, 18.17535],
						"1.4583": [-53.17407, 18.4191, 5.03058],
						"1.75": [-53.17, 0, 0],
						"2.2083": [-35.67, 0, 0],
						"2.25": [-35.67, 0, 0]
					}
				},
				"tonguetip": {
					"rotation": {
						"0.0": [0, 0, 0],
						"0.125": [28.75, 0, 0],
						"0.25": [57.5, 0, 0],
						"0.3333": [-5, 0, 0],
						"0.5417": [-32.5, 0, 0],
						"0.7083": [75, 0, 0],
						"0.875": [28.75, 0, 0],
						"1.0": [57.5, 0, 0],
						"1.0833": [-5, 0, 0],
						"1.2917": [-32.5, 0, 0],
						"1.4583": [75, 0, 0],
						"1.75": [75, 0, 0],
						"2.2083": [45, 0, 0],
						"2.25": [45, 0, 0]
					}
				},
				"lid": {
					"rotation": {
						"0.0": [0, 0, 0],
						"0.25": [-100, 0, 0],
						"0.4167": [-90, 0, 0],
						"0.5833": [-100, 0, 0],
						"0.75": [-90, 0, 0],
						"0.9167": [-100, 0, 0],
						"1.0833": [-90, 0, 0],
						"1.25": [-100, 0, 0],
						"1.4167": [-90, 0, 0],
						"1.75": [-37.5, 0, 0],
						"2.0": [-32.5, 0, 0],
						"2.25": [-37.5, 0, 0]
					}
				}
			},
			"particle_effects": {
				"0.0417": {
					"effect": "mimic_roar"
				}
			}
		},
		"animation.mimic.idle": {
			"loop": true,
			"animation_length": 1,
			"bones": {
				"tongue": {
					"rotation": {
						"0.0": [-35.67, 0, 0],
						"0.125": [-43.17, 0, 0],
						"0.25": [-35.67, 0, 0],
						"0.375": [-43.17, 0, 0],
						"0.5": [-35.67, 0, 0],
						"0.625": [-43.17, 0, 0],
						"0.75": [-35.67, 0, 0],
						"0.875": [-43.17, 0, 0],
						"1.0": [-35.67, 0, 0]
					}
				},
				"tonguetip": {
					"rotation": {
						"0.0": [45, 0, 0],
						"0.125": [72.5, 0, 0],
						"0.25": [45, 0, 0],
						"0.375": [72.5, 0, 0],
						"0.5": [45, 0, 0],
						"0.625": [72.5, 0, 0],
						"0.75": [45, 0, 0],
						"0.875": [72.5, 0, 0],
						"1.0": [45, 0, 0]
					}
				},
				"lid": {
					"rotation": {
						"0.0": [-37.5, 0, 0],
						"0.25": [-32.5, 0, 0],
						"0.5": [-37.5, 0, 0],
						"0.75": [-32.5, 0, 0],
						"1.0": [-37.5, 0, 0]
					}
				}
			}
		},
		"animation.mimic.attack": {
			"loop": "hold_on_last_frame",
			"animation_length": 0.4167,
			"bones": {
				"root": {
					"rotation": {
						"0.0": [0, 0, 0],
						"0.0417": [45, 0, 0],
						"0.2083": [45, 0, 0],
						"0.2917": [0, 0, 0],
						"0.4167": [0, 0, 0]
					}
				},
				"tongue": {
					"rotation": {
						"0.0": [-35.67, 0, 0],
						"0.0417": [-65.67, 0, 0],
						"0.0833": [-65.67, 0, 0],
						"0.125": [-23.17, 0, 0],
						"0.25": [-23.17, 0, 0],
						"0.375": [-35.67, 0, 0]
					}
				},
				"tonguetip": {
					"rotation": {
						"0.0": [45, 0, 0],
						"0.0417": [15, 0, 0],
						"0.0833": [15, 0, 0],
						"0.125": [15, 0, 0],
						"0.25": [15, 0, 0],
						"0.375": [45, 0, 0]
					}
				},
				"lid": {
					"rotation": {
						"0.0": [-37.5, 0, 0],
						"0.0417": [-135, 0, 0],
						"0.0833": [-135, 0, 0],
						"0.125": [0, 0, 0],
						"0.25": [0, 0, 0],
						"0.375": [-37.5, 0, 0]
					}
				}
			}
		},
		"animation.mimic.move": {
			"loop": true,
			"animation_length": 0.5,
			"bones": {
				"root": {
					"rotation": {
						"0.0": [0, 0, 0],
						"0.125": [-12.5, 0, 0],
						"0.4167": [12.5, 0, 0],
						"0.5": [0, 0, 0]
					},
					"position": {
						"0.0": [0, 0, 0],
						"0.2083": [0, 6, 0],
						"0.2917": [0, 6, 0],
						"0.5": [0, 0, 0]
					}
				}
			}
		}
	}
}